{"v":"5.6.6","ip":0,"op":149,"fr":60,"w":301,"h":301,"layers":[{"ind":2543,"nm":"surface12207","ao":0,"ip":0,"op":720,"st":0,"ty":4,"ks":{"ty":"tr","o":{"k":100},"r":{"k":0},"p":{"a":0,"k":[150.5,150.5],"ix":2},"a":{"a":0,"k":[113.25,113.25],"ix":1},"s":{"a":0,"k":[100,100,100],"ix":6},"rx":{"a":1,"k":[{"i":{"x":[0.67],"y":[1]},"o":{"x":[0.33],"y":[0]},"t":59,"s":[0]},{"i":{"x":[0.83],"y":[1]},"o":{"x":[0.17],"y":[0]},"t":86,"s":[-90]},{"t":109,"s":[-360]}],"ix":8},"ry":{"a":0,"k":0,"ix":9},"rz":{"a":0,"k":0,"ix":10},"or":{"a":0,"k":[0,0,0],"ix":7},"sk":{"k":0},"sa":{"k":0}},"shapes":[{"ty":"gr","hd":false,"nm":"surface12207","it":[{"ty":"gr","hd":false,"it":[{"ty":"sh","ks":{"k":{"i":[[0,0],[0.27,0.15],[-0.46,-0.09],[0.1,-0.09]],"o":[[-0.37,-0.06],[0.28,-0.09],[0.18,0.17],[0,0]],"v":[[42.76,170.99],[41.86,170.62],[42.88,170.54],[42.76,170.99]],"c":true}}},{"ty":"fl","o":{"k":100},"c":{"k":[0,0.36,0.64,1]}},{"ty":"tr","o":{"k":100},"r":{"k":0},"p":{"k":[0,0]},"a":{"k":[0,0]},"s":{"k":[100,100]},"sk":{"k":0},"sa":{"k":0},"hd":false}]},{"ty":"gr","hd":false,"it":[{"ty":"sh","ks":{"k":{"i":[[0,0],[0.28,0.14],[-0.22,-0.2]],"o":[[-0.45,0.05],[0.39,0.02],[0,0]],"v":[[41.05,170.06],[40.05,169.82],[41.05,170.06]],"c":true}}},{"ty":"fl","o":{"k":100},"c":{"k":[0,0.36,0.64,1]}},{"ty":"tr","o":{"k":100},"r":{"k":0},"p":{"k":[0,0]},"a":{"k":[0,0]},"s":{"k":[100,100]},"sk":{"k":0},"sa":{"k":0},"hd":false}]},{"ty":"gr","hd":false,"it":[{"ty":"sh","ks":{"k":{"i":[[0,0],[0,4.65],[-0.57,-5.2],[5.55,-2.83],[0,3.26]],"o":[[0,-4.97],[4.1,0.93],[0.63,5.77],[0,-3.2],[0,0]],"v":[[76.37,114.74],[76.37,100.52],[83.86,110.52],[76.37,124.1],[76.37,114.74]],"c":true}}},{"ty":"fl","o":{"k":100},"c":{"k":[0.04,0.38,0.65,1]}},{"ty":"tr","o":{"k":100},"r":{"k":0},"p":{"k":[0,0]},"a":{"k":[0,0]},"s":{"k":[100,100]},"sk":{"k":0},"sa":{"k":0},"hd":false}]},{"ty":"gr","hd":false,"it":[{"ty":"sh","ks":{"k":{"i":[[0,0],[-2.07,0.09],[-0.03,-0.24],[2.2,-0.23],[0,0.46]],"o":[[2.08,-0.29],[0.03,0.24],[-1.9,0.27],[-0.3,-0.3],[0,0]],"v":[[43.48,206.59],[49.7,206.12],[49.79,206.84],[43.78,207.61],[43.48,206.59]],"c":true}}},{"ty":"fl","o":{"k":100},"c":{"k":[0.1,0.43,0.67,1]}},{"ty":"tr","o":{"k":100},"r":{"k":0},"p":{"k":[0,0]},"a":{"k":[0,0]},"s":{"k":[100,100]},"sk":{"k":0},"sa":{"k":0},"hd":false}]},{"ty":"gr","hd":false,"it":[{"ty":"sh","ks":{"k":{"i":[[0,0],[-1.46,0.2],[-0.12,-0.57],[1.46,-0.18],[0.11,0.57]],"o":[[1.14,-0.53],[0.23,0.23],[-1.13,0.56],[-0.24,-0.28],[0,0]],"v":[[30.91,32.57],[34.74,31.65],[35.11,32.68],[31.28,33.65],[30.91,32.57]],"c":true}}},{"ty":"fl","o":{"k":100},"c":{"k":[0.98,0.98,0.99,1]}},{"ty":"tr","o":{"k":100},"r":{"k":0},"p":{"k":[0,0]},"a":{"k":[0,0]},"s":{"k":[100,100]},"sk":{"k":0},"sa":{"k":0},"hd":false}]},{"ty":"gr","hd":false,"it":[{"ty":"sh","ks":{"k":{"i":[[0,0],[2.86,0.66],[-0.02,0.4],[-2.86,-0.53],[0.02,-0.52]],"o":[[-2.63,-0.19],[-0.23,-0.31],[2.63,0.21],[0.24,0.29],[0,0]],"v":[[53.28,22.06],[45.18,20.71],[44.96,19.84],[53.06,21.04],[53.28,22.06]],"c":true}}},{"ty":"fl","o":{"k":100},"c":{"k":[0.11,0.43,0.67,1]}},{"ty":"tr","o":{"k":100},"r":{"k":0},"p":{"k":[0,0]},"a":{"k":[0,0]},"s":{"k":[100,100]},"sk":{"k":0},"sa":{"k":0},"hd":false}]},{"ty":"gr","hd":false,"it":[{"ty":"sh","ks":{"k":{"i":[[0,0],[-0.75,-0.39],[0.23,-0.32],[1.22,0],[-0.93,-0.67],[0.05,-0.34],[3.91,-3.66],[-0.26,1.9],[-1,0.49],[0.01,2.3],[0,34.5],[0.04,0.77],[1.75,-0.66],[-1.98,4.36],[-2,-4.44],[1.55,0.51],[0,-1.31],[0.09,-33.24],[-3.09,-1.06],[0.08,-0.55],[0.28,-0.09],[-0.27,-0.15]],"o":[[0.74,0.39],[-0.23,0.32],[-0.86,0],[1.27,0.92],[-0.05,0.34],[-4.21,-2.16],[-0.19,-2.53],[0.12,-0.87],[1.84,-0.91],[-0.09,-34.5],[0,-0.49],[-1.34,0.5],[1.95,-4.29],[1.86,4.13],[-1.8,-0.59],[0,1.48],[0,33.24],[-0.01,2.89],[0.55,0.19],[-0.71,-0.13],[0.27,0.15],[0,0]],"v":[[42.66,171.09],[44.9,172.27],[44.2,173.24],[41.27,173.24],[44.4,175.5],[44.25,176.5],[31.96,176.83],[31.59,170.42],[34.06,168.14],[36.8,163.9],[36.73,60.42],[36.64,58.66],[32.33,60.28],[38,47.8],[43.54,60.07],[39.14,58.62],[39.14,62.72],[39.09,162.45],[42.49,168.59],[43.13,170.59],[41.86,170.62],[42.66,171.09]],"c":false}}},{"ty":"sh","ks":{"k":{"i":[[0,0],[0.39,0.02],[-0.62,0.23]],"o":[[-0.39,-0.02],[0.28,0.14],[0,0]],"v":[[41.23,169.88],[40.05,169.82],[41.23,169.88]],"c":true}}},{"ty":"fl","o":{"k":100},"c":{"k":[0.96,0.98,0.99,1]}},{"ty":"tr","o":{"k":100},"r":{"k":0},"p":{"k":[0,0]},"a":{"k":[0,0]},"s":{"k":[100,100]},"sk":{"k":0},"sa":{"k":0},"hd":false}]},{"ty":"gr","hd":false,"it":[{"ty":"sh","ks":{"k":{"i":[[0,0],[4.43,1.01],[-0.04,0.11],[-7.34,-1.25],[-4.93,-0.25],[-2.62,-0.51],[0.92,-3.06],[3.13,0.03],[5.63,0.17],[1.24,-0.19]],"o":[[-4.46,-1.02],[0.04,-0.35],[2.32,-6.45],[4.24,0.73],[3.2,0.64],[1.89,1.26],[-0.87,2.87],[-5.06,-0.04],[-1.81,0.08],[0,0]],"v":[[30.81,32.23],[17.46,29.19],[17.52,28.6],[31.22,20.13],[44.83,20.72],[53.27,22.38],[56.89,27.57],[50.85,32.05],[35.1,31.77],[30.81,32.23]],"c":true}}},{"ty":"fl","o":{"k":100},"c":{"k":[0.98,0.99,0.99,1]}},{"ty":"tr","o":{"k":100},"r":{"k":0},"p":{"k":[0,0]},"a":{"k":[0,0]},"s":{"k":[100,100]},"sk":{"k":0},"sa":{"k":0},"hd":false}]},{"ty":"gr","hd":false,"it":[{"ty":"sh","ks":{"k":{"i":[[0,0],[5.8,0.98],[-11.07,-1.64],[-7.54,-1.73],[-0.69,-0.5],[3.92,-1.28],[3.8,0.38],[7.04,1.26],[2.61,0.45]],"o":[[-5.19,-0.87],[10.48,-5.3],[7.63,1.13],[0.8,0.19],[3.32,2.43],[-3.64,1.19],[-6.52,-0.66],[-3.19,-0.53],[0,0]],"v":[[44.98,19.6],[28.8,16.88],[60.67,10.11],[83.34,15.07],[85.6,16.31],[84.95,23.23],[73.36,24.53],[53.39,21.03],[44.98,19.6]],"c":true}}},{"ty":"fl","o":{"k":100},"c":{"k":[0.97,0.98,0.99,1]}},{"ty":"tr","o":{"k":100},"r":{"k":0},"p":{"k":[0,0]},"a":{"k":[0,0]},"s":{"k":[100,100]},"sk":{"k":0},"sa":{"k":0},"hd":false}]},{"ty":"gr","hd":false,"it":[{"ty":"sh","ks":{"k":{"i":[[0,0],[10.9,-1.62],[1.13,5.23],[-5.84,2.62],[-4.43,-4.48],[-0.63,-0.82]],"o":[[5.2,10.73],[-5.16,0.77],[-1.62,-7.52],[5.84,-2.62],[0.52,0.53],[0,0]],"v":[[182.72,71.73],[170.72,92.95],[157.24,82.97],[164.02,66.7],[181.12,69.78],[182.72,71.73]],"c":true}}},{"ty":"fl","o":{"k":100},"c":{"k":[0.98,0.99,0.99,1]}},{"ty":"tr","o":{"k":100},"r":{"k":0},"p":{"k":[0,0]},"a":{"k":[0,0]},"s":{"k":[100,100]},"sk":{"k":0},"sa":{"k":0},"hd":false}]},{"ty":"gr","hd":false,"it":[{"ty":"sh","ks":{"k":{"i":[[0,0],[-1.09,0.67],[-0.27,-0.02],[-2.99,-0.09],[-0.22,-2.66],[-0.57,-2.55],[-6.52,0.33],[-3.39,-0.94],[2.11,-1.57],[3.18,-1.02],[14.71,5.12],[2.37,0.92],[-0.05,0.57],[-5.88,0.73],[-1.9,0.27],[0.03,0.24],[2.07,-0.09],[6.68,-0.39],[0.86,1.27],[1.2,3.02],[-8.9,0],[-0.08,0.27],[1.43,0.58]],"o":[[0.57,-0.79],[0.5,0.5],[2.98,0.22],[2.25,0.07],[0.2,2.43],[6.59,-0.78],[3.47,-0.18],[2.52,0.7],[-2.73,2.03],[-14.86,4.77],[-2.39,-0.83],[0.05,-0.57],[5.28,-0.69],[2.5,-0.3],[-0.03,-0.24],[-2.07,0.09],[-6.66,0.68],[-1.64,0.1],[-1.59,-2.34],[9.12,0],[0.08,-0.27],[-1.18,-0.46],[0,0]],"v":[[38.49,195.62],[40.96,193.5],[41.93,194.93],[50.91,195.35],[54.83,198.74],[56.4,206.09],[76,203.9],[86.47,205.46],[87.25,210.02],[78.43,215.18],[34,214.24],[26.89,211.51],[27.04,209.79],[43.48,207.68],[49.79,206.84],[49.7,206.12],[43.48,206.39],[23.5,208.32],[18.61,206.2],[15.12,197.9],[42.04,197.9],[42.28,197.11],[38.49,195.62]],"c":true}}},{"ty":"fl","o":{"k":100},"c":{"k":[0.97,0.98,0.99,1]}},{"ty":"tr","o":{"k":100},"r":{"k":0},"p":{"k":[0,0]},"a":{"k":[0,0]},"s":{"k":[100,100]},"sk":{"k":0},"sa":{"k":0},"hd":false}]},{"ty":"gr","hd":false,"it":[{"ty":"sh","ks":{"k":{"i":[[0,0],[0,4.29],[-12.77,0],[0,20.8],[10.73,0],[0,5.73],[-17.47,0],[0,-26.61],[-10.23,0],[0,-5.69],[29.98,0],[0,1.68]],"o":[[0,-4.33],[12.84,0],[0,-20.86],[-10.56,0],[0,-5.78],[17.3,0],[0,26.27],[10.32,0],[0,5.86],[-29.52,0],[0,-1.24],[0,0]],"v":[[123,199.39],[123,186.8],[161.16,186.8],[161.16,124.61],[129.4,124.61],[129.4,107.57],[181.35,107.57],[181.35,186.64],[211.93,186.64],[211.93,203.62],[123,203.62],[123,199.39]],"c":true}}},{"ty":"fl","o":{"k":100},"c":{"k":[0.99,0.99,1,1]}},{"ty":"tr","o":{"k":100},"r":{"k":0},"p":{"k":[0,0]},"a":{"k":[0,0]},"s":{"k":[100,100]},"sk":{"k":0},"sa":{"k":0},"hd":false}]},{"ty":"gr","hd":false,"it":[{"ty":"sh","ks":{"k":{"i":[[0,0],[2.93,0.3],[0.23,0.66],[-0.72,0.57],[-2.49,0.97],[-16.74,6.42],[-5.26,2.52],[-2.42,2.12],[9.11,4.03],[10.63,-0.05],[1.9,0],[0,12.9],[-0.93,-0.01],[-9.79,3.17],[-0.86,5.9],[4.31,2.48],[6.45,2.57],[17.5,6.88],[1.71,1.41],[0.79,1.27],[-1.86,0.27],[-1.23,0.23],[-21.9,-7.39],[-9.02,-7.75],[5.28,-4.89],[4.5,-1.14],[10.04,-1.93],[0,-7.46],[-7.45,-1.64],[-5.02,-1.98],[4.07,-5.06],[4.67,-2.84],[11.02,-3.59],[14.94,-5.05],[2.12,-0.42],[0.82,-0.67]],"o":[[-2.94,-0.16],[-0.99,-0.1],[-0.27,-0.75],[2.13,-1.69],[16.71,-6.51],[5.46,-2.09],[2.88,-1.38],[7.48,-6.54],[-9.95,-4.41],[-1.71,0.01],[0,-12.66],[0.9,0],[10.12,0.12],[4.91,-1.59],[0.83,-5.68],[-6,-3.45],[-17.46,-6.98],[-2.06,-0.81],[-1.1,-0.9],[1.35,-0.4],[1.75,-0.09],[21.95,7.24],[11.02,3.72],[6.53,5.61],[-3.36,3.11],[-9.68,2.45],[0,7.35],[7.5,1.18],[5.24,1.16],[8.85,3.49],[-3.42,4.25],[-9.92,6.03],[-15,4.88],[-1.52,0.51],[-1.39,0.66],[0,0]],"v":[[38.25,195.5],[29.42,194.96],[26.68,193.76],[27.74,190.93],[34.56,186.42],[84.81,167.23],[100.99,160.5],[108.96,154.98],[106.37,137.61],[75.12,133.24],[69.8,133.25],[69.8,95.24],[72.57,95.24],[102.61,92.27],[113.79,83.05],[106,71.23],[87.16,62.34],[34.6,41.83],[28.86,38.36],[26.43,34.62],[30.99,33.55],[35.21,33.02],[101.05,54.79],[131.88,70.52],[135.34,90.84],[122.73,97.29],[93.09,103.16],[93.09,125.44],[115.66,129.11],[131,134.29],[135.75,152.93],[123.27,163.83],[91.29,177.07],[46.47,192.23],[41.27,193.5],[38.25,195.5]],"c":false}}},{"ty":"sh","ks":{"k":{"i":[[0,0],[0,-3.2],[0.63,5.77],[4.1,0.93],[0,-5.34]],"o":[[0,2.89],[5.55,-2.83],[-0.57,-5.2],[0,4.65],[0,0]],"v":[[76.37,115.11],[76.37,124.1],[83.86,110.52],[76.37,100.52],[76.37,115.11]],"c":true}}},{"ty":"fl","o":{"k":100},"c":{"k":[0.98,0.99,0.99,1]}},{"ty":"tr","o":{"k":100},"r":{"k":0},"p":{"k":[0,0]},"a":{"k":[0,0]},"s":{"k":[100,100]},"sk":{"k":0},"sa":{"k":0},"hd":false}]},{"ty":"gr","hd":false,"it":[{"ty":"sh","ks":{"k":{"i":[[0,0],[2.61,-1.61],[2.12,-6.36],[0,6.61],[-6.62,0]],"o":[[-2.4,1.38],[-5.68,3.49],[-0.27,-6.35],[6.27,0],[0,0]],"v":[[19.9,0.75],[12.01,4.93],[1.02,20.15],[0.75,0.75],[19.9,0.75]],"c":true}}},{"ty":"fl","o":{"k":100},"c":{"k":[1,1,1,1]}},{"ty":"tr","o":{"k":100},"r":{"k":0},"p":{"k":[0,0]},"a":{"k":[0,0]},"s":{"k":[100,100]},"sk":{"k":0},"sa":{"k":0},"hd":false}]},{"ty":"gr","hd":false,"it":[{"ty":"gr","hd":false,"it":[{"ty":"sh","ks":{"k":{"i":[[0,0],[1.61,2.61],[6.36,2.12],[-6.61,0],[0,-6.62]],"o":[[-1.38,-2.4],[-3.49,-5.68],[6.35,-0.27],[0,6.27],[0,0]],"v":[[226.5,19.9],[222.32,12.01],[207.1,1.02],[226.5,0.75],[226.5,19.9]],"c":true}}},{"ty":"fl","o":{"k":100},"c":{"k":[1,1,1,1]}},{"ty":"tr","o":{"k":100},"r":{"k":0},"p":{"k":[0,0]},"a":{"k":[0,0]},"s":{"k":[100,100]},"sk":{"k":0},"sa":{"k":0},"hd":false}]},{"ty":"tr","o":{"k":100},"r":{"k":0},"p":{"k":[0,0]},"a":{"k":[0,0]},"s":{"k":[100,100]},"sk":{"k":0},"sa":{"k":0},"hd":false}]},{"ty":"gr","hd":false,"it":[{"ty":"gr","hd":false,"it":[{"ty":"sh","ks":{"k":{"i":[[0,0],[-1.61,-2.61],[-6.36,-2.12],[6.61,0],[0,6.62]],"o":[[1.38,2.4],[3.49,5.68],[-6.35,0.27],[0,-6.27],[0,0]],"v":[[0.75,207.35],[4.93,215.24],[20.15,226.23],[0.75,226.5],[0.75,207.35]],"c":true}}},{"ty":"fl","o":{"k":100},"c":{"k":[1,1,1,1]}},{"ty":"tr","o":{"k":100},"r":{"k":0},"p":{"k":[0,0]},"a":{"k":[0,0]},"s":{"k":[100,100]},"sk":{"k":0},"sa":{"k":0},"hd":false}]},{"ty":"tr","o":{"k":100},"r":{"k":0},"p":{"k":[0,0]},"a":{"k":[0,0]},"s":{"k":[100,100]},"sk":{"k":0},"sa":{"k":0},"hd":false}]},{"ty":"gr","hd":false,"it":[{"ty":"gr","hd":false,"it":[{"ty":"sh","ks":{"k":{"i":[[0,0],[-2.61,1.61],[-2.12,6.36],[0,-6.61],[6.62,0]],"o":[[2.4,-1.38],[5.68,-3.49],[0.27,6.35],[-6.27,0],[0,0]],"v":[[207.35,226.5],[215.24,222.32],[226.23,207.1],[226.5,226.5],[207.35,226.5]],"c":true}}},{"ty":"fl","o":{"k":100},"c":{"k":[1,1,1,1]}},{"ty":"tr","o":{"k":100},"r":{"k":0},"p":{"k":[0,0]},"a":{"k":[0,0]},"s":{"k":[100,100]},"sk":{"k":0},"sa":{"k":0},"hd":false}]},{"ty":"tr","o":{"k":100},"r":{"k":0},"p":{"k":[0,0]},"a":{"k":[0,0]},"s":{"k":[100,100]},"sk":{"k":0},"sa":{"k":0},"hd":false}]},{"ty":"gr","hd":false,"it":[{"ty":"sh","ks":{"k":{"i":[[0,0],[0.27,-62.46],[5.68,-3.49],[2.75,-1.38],[62.46,0.27],[3.49,5.68],[1.38,2.75],[-0.27,62.46],[-5.68,3.49],[-2.75,1.38],[-62.46,-0.27],[-3.49,-5.68],[-1.38,-2.75]],"o":[[0,62.02],[-2.12,6.71],[-2.61,1.61],[-62.02,0],[-6.71,-2.12],[-1.61,-2.61],[0,-62.02],[2.12,-6.71],[2.61,-1.61],[62.02,0],[6.71,2.12],[1.61,2.61],[0,0]],"v":[[226.5,20.25],[226.23,206.75],[215.24,222.32],[207,226.5],[20.5,226.23],[4.93,215.24],[0.75,207],[1.02,20.5],[12.01,4.93],[20.25,0.75],[206.75,1.02],[222.32,12.01],[226.5,20.25]],"c":false}}},{"ty":"sh","ks":{"k":{"i":[[0,0],[0.55,0.19],[-0.01,2.89],[0,33.24],[0,1.48],[-1.8,-0.59],[1.86,4.13],[1.95,-4.29],[-1.34,0.5],[0,-0.49],[-0.09,-34.5],[1.84,-0.91],[0.12,-0.87],[-0.19,-2.53],[-4.21,-2.16],[-0.05,0.34],[1.27,0.92],[-0.86,0],[-0.23,0.32],[0.55,0.58],[-0.51,-0.09]],"o":[[-0.35,-0.77],[-3.09,-1.06],[0.09,-33.24],[0,-1.31],[1.55,0.51],[-2,-4.44],[-1.98,4.36],[1.75,-0.66],[0.04,0.77],[0,34.5],[0.01,2.3],[-1,0.49],[-0.26,1.9],[3.91,-3.66],[0.05,-0.34],[-0.93,-0.67],[1.22,0],[0.23,-0.32],[-0.75,-0.39],[0,0],[0,0]],"v":[[43.56,170.81],[42.49,168.59],[39.09,162.45],[39.14,62.72],[39.14,58.62],[43.54,60.07],[38,47.8],[32.33,60.28],[36.64,58.66],[36.73,60.42],[36.8,163.9],[34.06,168.14],[31.59,170.42],[31.96,176.83],[44.25,176.5],[44.4,175.5],[41.27,173.24],[44.2,173.24],[44.9,172.27],[42.86,170.9],[43.56,170.81]],"c":false}}},{"ty":"sh","ks":{"k":{"i":[[0,0],[-5.06,-0.04],[-0.87,2.87],[1.87,1.89],[-0.66,0.22],[-6.52,-0.66],[-3.64,1.19],[3.32,2.43],[0.8,0.19],[7.63,1.13],[10.48,-5.3],[-5.16,-1.35],[0.7,-0.19],[4.24,0.73],[2.32,-6.45],[0.04,-0.35],[-4.66,-1.69],[0.56,-0.04],[1.35,-0.4],[-1.1,-0.9],[-2.06,-0.81],[-17.46,-6.98],[-6,-3.45],[0.83,-5.68],[4.91,-1.59],[10.12,0.12],[0.9,0],[0,-12.66],[-1.71,0.01],[-9.95,-4.41],[7.48,-6.54],[2.88,-1.38],[5.46,-2.09],[16.71,-6.51],[2.13,-1.69],[-0.27,-0.75],[-0.99,-0.1],[-3.43,-0.41],[-1.18,-0.46],[0.08,-0.27],[9.12,0],[-1.59,-2.34],[-1.64,0.1],[-6.65,0.29],[0.59,-0.41],[5.28,-0.69],[0.05,-0.57],[-2.39,-0.83],[-14.86,4.77],[-2.73,2.03],[2.52,0.7],[3.47,-0.18],[6.59,-0.78],[0.2,2.43],[2.25,0.07],[2.98,0.22],[-0.37,0.49],[-1.52,0.51],[-15,4.88],[-9.92,6.03],[-3.42,4.25],[8.85,3.49],[5.24,1.16],[7.5,1.18],[0,7.35],[-9.68,2.45],[-3.36,3.11],[6.53,5.61],[11.02,3.72],[22.16,7.91],[-0.7,0]],"o":[[5.06,0.05],[3.13,0.03],[0.92,-3.06],[0,-0.21],[6.46,1.19],[3.8,0.38],[3.92,-1.28],[-0.69,-0.5],[-7.54,-1.73],[-11.07,-1.64],[5.8,0.98],[0,0.16],[-4.35,-0.11],[-7.34,-1.25],[-0.04,0.11],[4.43,1.01],[0.01,0.23],[-1.35,0.4],[0.79,1.27],[1.71,1.41],[17.5,6.88],[6.45,2.57],[4.31,2.48],[-0.86,5.9],[-9.79,3.17],[-0.93,-0.01],[0,12.9],[1.9,0],[10.63,-0.05],[9.11,4.03],[-2.42,2.12],[-5.26,2.52],[-16.74,6.42],[-2.49,0.97],[-0.72,0.57],[0.23,0.66],[2.93,0.3],[1.18,0.46],[-0.08,0.27],[-8.9,0],[1.2,3.02],[0.86,1.27],[6.68,-0.39],[0,0.27],[-5.28,0.69],[-0.05,0.57],[2.37,0.92],[14.71,5.12],[3.18,-1.02],[2.11,-1.57],[-3.39,-0.94],[-6.52,0.33],[-0.57,-2.55],[-0.22,-2.66],[-2.99,-0.09],[-0.27,-0.02],[1.55,-0.42],[14.94,-5.05],[11.02,-3.59],[4.67,-2.84],[4.07,-5.06],[-5.02,-1.98],[-7.45,-1.64],[0,-7.46],[10.04,-1.93],[4.5,-1.14],[5.28,-4.89],[-9.02,-7.75],[-21.9,-7.39],[-0.01,-0.23],[0,0]],"v":[[35.67,31.88],[50.85,32.05],[56.89,27.57],[53.29,21.75],[53.97,21.11],[73.36,24.53],[84.95,23.23],[85.6,16.31],[83.34,15.07],[60.67,10.11],[28.8,16.88],[44.95,20.08],[44.25,20.59],[31.22,20.13],[17.52,28.6],[17.46,29.19],[31.01,32.9],[30.47,33.41],[26.43,34.62],[28.86,38.36],[34.6,41.83],[87.16,62.34],[106,71.23],[113.79,83.05],[102.61,92.27],[72.57,95.24],[69.8,95.24],[69.8,133.25],[75.12,133.24],[106.37,137.61],[108.96,154.98],[100.99,160.5],[84.81,167.23],[34.56,186.42],[27.74,190.93],[26.68,193.76],[29.42,194.96],[38.73,195.74],[42.28,197.11],[42.04,197.9],[15.12,197.9],[18.61,206.2],[23.5,208.32],[43.47,206.79],[42.88,207.72],[27.04,209.79],[26.89,211.51],[34,214.24],[78.43,215.18],[87.25,210.02],[86.47,205.46],[76,203.9],[56.4,206.09],[54.83,198.74],[50.91,195.35],[41.93,194.93],[41.84,193.5],[46.47,192.23],[91.29,177.07],[123.27,163.83],[135.75,152.93],[131,134.29],[115.66,129.11],[93.09,125.44],[93.09,103.16],[122.73,97.29],[135.34,90.84],[131.88,70.52],[101.05,54.79],[35,32.35],[35.67,31.88]],"c":false}}},{"ty":"sh","ks":{"k":{"i":[[0,0],[0,-1.24],[-29.52,0],[0,5.86],[10.32,0],[0,26.27],[17.3,0],[0,-5.78],[-10.56,0],[0,-20.86],[12.84,0],[0,-4.7]],"o":[[0,1.31],[29.98,0],[0,-5.69],[-10.23,0],[0,-26.61],[-17.47,0],[0,5.73],[10.73,0],[0,20.8],[-12.77,0],[0,4.29],[0,0]],"v":[[123,199.76],[123,203.62],[211.93,203.62],[211.93,186.64],[181.35,186.64],[181.35,107.57],[129.4,107.57],[129.4,124.61],[161.16,124.61],[161.16,186.8],[123,186.8],[123,199.76]],"c":false}}},{"ty":"sh","ks":{"k":{"i":[[0,0],[0.52,0.53],[5.84,-2.62],[-1.62,-7.52],[-5.16,0.77],[5.36,10.98]],"o":[[-0.48,-0.57],[-4.43,-4.48],[-5.84,2.62],[1.13,5.23],[10.9,-1.62],[0,0]],"v":[[182.57,71.49],[181.12,69.78],[164.02,66.7],[157.24,82.97],[170.72,92.95],[182.57,71.49]],"c":true}}},{"ty":"fl","o":{"k":100},"c":{"k":[0,0.36,0.64,1]}},{"ty":"tr","o":{"k":100},"r":{"k":0},"p":{"k":[0,0]},"a":{"k":[0,0]},"s":{"k":[100,100]},"sk":{"k":0},"sa":{"k":0},"hd":false}]},{"ty":"tr","o":{"k":100},"r":{"k":0},"p":{"k":[0,0]},"a":{"k":[0,0]},"s":{"k":[100,100]},"sk":{"k":0},"sa":{"k":0},"hd":false}]}]}],"meta":{"g":"LF SVG to Lottie"},"assets":[]}