{"v":"5.12.2","fr":60,"ip":0,"op":180,"w":600,"h":600,"nm":"Search","ddd":0,"assets":[{"id":"comp_0","nm":"People Icon","fr":60,"layers":[{"ddd":0,"ind":1,"ty":4,"nm":"Shape Layer 3","sr":1,"ks":{"o":{"a":0,"k":100,"ix":11},"r":{"a":0,"k":14,"ix":10},"p":{"a":1,"k":[{"i":{"x":0.833,"y":0.968},"o":{"x":0.167,"y":0},"t":8,"s":[170.5,151.5,0],"to":[-3,0,0],"ti":[3,0,0]},{"i":{"x":0.833,"y":0.833},"o":{"x":0.167,"y":0.167},"t":14,"s":[152.5,151.5,0],"to":[0,0,0],"ti":[0,0,0]},{"i":{"x":0.276,"y":0.679},"o":{"x":0.167,"y":0},"t":27,"s":[152.5,151.5,0],"to":[4.333,1.833,0],"ti":[-4.333,-1.833,0]},{"i":{"x":0.276,"y":0.276},"o":{"x":0.167,"y":0.167},"t":49,"s":[178.5,162.5,0],"to":[0,0,0],"ti":[0,0,0]},{"i":{"x":0.276,"y":0.303},"o":{"x":0.167,"y":0},"t":103,"s":[178.5,162.5,0],"to":[-1.333,-1.833,0],"ti":[1.333,1.833,0]},{"t":126,"s":[170.5,151.5,0]}],"ix":2,"l":2},"a":{"a":0,"k":[-18.5,-154.5,0],"ix":1,"l":2},"s":{"a":0,"k":[53,53,100],"ix":6,"l":2}},"ao":0,"shapes":[{"ty":"gr","it":[{"d":1,"ty":"el","s":{"a":0,"k":[265.753,256.164],"ix":2},"p":{"a":0,"k":[0,0],"ix":3},"nm":"Ellipse Path 1","mn":"ADBE Vector Shape - Ellipse","hd":false},{"ty":"st","c":{"a":0,"k":[0.490196078431,0.13456362556,0.360494815602,1],"ix":3},"o":{"a":0,"k":100,"ix":4},"w":{"a":0,"k":0,"ix":5},"lc":1,"lj":1,"ml":4,"bm":0,"nm":"Stroke 1","mn":"ADBE Vector Graphic - Stroke","hd":false},{"ty":"fl","c":{"a":0,"k":[0.870588235294,0.225328707228,0.528980210248,1],"ix":4},"o":{"a":0,"k":100,"ix":5},"r":1,"bm":0,"nm":"Fill 1","mn":"ADBE Vector Graphic - Fill","hd":false},{"ty":"tr","p":{"a":0,"k":[-9.596,57.829],"ix":2},"a":{"a":0,"k":[0,0],"ix":1},"s":{"a":0,"k":[100,100],"ix":3},"r":{"a":0,"k":0,"ix":6},"o":{"a":0,"k":100,"ix":7},"sk":{"a":0,"k":0,"ix":4},"sa":{"a":0,"k":0,"ix":5},"nm":"Transform"}],"nm":"Ellipse 2","np":3,"cix":2,"bm":0,"ix":1,"mn":"ADBE Vector Group","hd":false},{"ty":"gr","it":[{"d":1,"ty":"el","s":{"a":0,"k":[125,125],"ix":2},"p":{"a":0,"k":[0,0],"ix":3},"nm":"Ellipse Path 1","mn":"ADBE Vector Shape - Ellipse","hd":false},{"ty":"st","c":{"a":0,"k":[0.490196078431,0.13456362556,0.360494815602,1],"ix":3},"o":{"a":0,"k":100,"ix":4},"w":{"a":0,"k":0,"ix":5},"lc":1,"lj":1,"ml":4,"bm":0,"nm":"Stroke 1","mn":"ADBE Vector Graphic - Stroke","hd":false},{"ty":"fl","c":{"a":0,"k":[0.870588235294,0.225328707228,0.528980210248,1],"ix":4},"o":{"a":0,"k":100,"ix":5},"r":1,"bm":0,"nm":"Fill 1","mn":"ADBE Vector Graphic - Fill","hd":false},{"ty":"tr","p":{"a":0,"k":[-18.5,-154.5],"ix":2},"a":{"a":0,"k":[0,0],"ix":1},"s":{"a":0,"k":[100,100],"ix":3},"r":{"a":0,"k":0,"ix":6},"o":{"a":0,"k":100,"ix":7},"sk":{"a":0,"k":0,"ix":4},"sa":{"a":0,"k":0,"ix":5},"nm":"Transform"}],"nm":"Ellipse 1","np":3,"cix":2,"bm":0,"ix":2,"mn":"ADBE Vector Group","hd":false}],"ip":0,"op":180,"st":0,"ct":1,"bm":0},{"ddd":0,"ind":2,"ty":4,"nm":"Shape Layer 2","sr":1,"ks":{"o":{"a":0,"k":100,"ix":11},"r":{"a":0,"k":0,"ix":10},"p":{"a":1,"k":[{"i":{"x":0.569,"y":1},"o":{"x":0.205,"y":0},"t":8,"s":[426.5,161.5,0],"to":[0,0,0],"ti":[0,0,0]},{"i":{"x":0.569,"y":0.569},"o":{"x":0.313,"y":0.313},"t":15,"s":[454.5,161.5,0],"to":[0,0,0],"ti":[0,0,0]},{"i":{"x":0.667,"y":1},"o":{"x":0.313,"y":0},"t":53,"s":[454.5,161.5,0],"to":[0,0,0],"ti":[0,0,0]},{"i":{"x":0.571,"y":1},"o":{"x":0.19,"y":0},"t":61,"s":[426.5,161.5,0],"to":[0,0,0],"ti":[0,0,0]},{"i":{"x":0.704,"y":1},"o":{"x":0.333,"y":0},"t":71,"s":[455.5,161.5,0],"to":[0,0,0],"ti":[0,0,0]},{"i":{"x":0.667,"y":0.667},"o":{"x":0.333,"y":0.333},"t":86,"s":[426.5,161.5,0],"to":[0,0,0],"ti":[0,0,0]},{"i":{"x":0.667,"y":1},"o":{"x":0.167,"y":0},"t":90,"s":[426.5,161.5,0],"to":[0,15.333,0],"ti":[0,-15.333,0]},{"i":{"x":0.667,"y":0.667},"o":{"x":0.167,"y":0.167},"t":114,"s":[426.5,253.5,0],"to":[0,0,0],"ti":[0,0,0]},{"i":{"x":0.667,"y":1},"o":{"x":0.167,"y":0},"t":119,"s":[426.5,253.5,0],"to":[0,-15.333,0],"ti":[0,15.333,0]},{"t":141,"s":[426.5,161.5,0]}],"ix":2,"l":2},"a":{"a":0,"k":[-18.5,-154.5,0],"ix":1,"l":2},"s":{"a":0,"k":[55,55,100],"ix":6,"l":2}},"ao":0,"shapes":[{"ty":"gr","it":[{"d":1,"ty":"el","s":{"a":0,"k":[265.753,256.164],"ix":2},"p":{"a":0,"k":[0,0],"ix":3},"nm":"Ellipse Path 1","mn":"ADBE Vector Shape - Ellipse","hd":false},{"ty":"st","c":{"a":0,"k":[0.756862745098,0.588209683287,0.074202227125,1],"ix":3},"o":{"a":0,"k":100,"ix":4},"w":{"a":0,"k":0,"ix":5},"lc":1,"lj":1,"ml":4,"bm":0,"nm":"Stroke 1","mn":"ADBE Vector Graphic - Stroke","hd":false},{"ty":"fl","c":{"a":0,"k":[0.921568627451,0.736744719861,0.173471727558,1],"ix":4},"o":{"a":0,"k":100,"ix":5},"r":1,"bm":0,"nm":"Fill 1","mn":"ADBE Vector Graphic - Fill","hd":false},{"ty":"tr","p":{"a":0,"k":[-9.596,57.829],"ix":2},"a":{"a":0,"k":[0,0],"ix":1},"s":{"a":0,"k":[100,100],"ix":3},"r":{"a":0,"k":0,"ix":6},"o":{"a":0,"k":100,"ix":7},"sk":{"a":0,"k":0,"ix":4},"sa":{"a":0,"k":0,"ix":5},"nm":"Transform"}],"nm":"Ellipse 2","np":3,"cix":2,"bm":0,"ix":1,"mn":"ADBE Vector Group","hd":false},{"ty":"gr","it":[{"d":1,"ty":"el","s":{"a":0,"k":[125,125],"ix":2},"p":{"a":0,"k":[0,0],"ix":3},"nm":"Ellipse Path 1","mn":"ADBE Vector Shape - Ellipse","hd":false},{"ty":"st","c":{"a":0,"k":[0.756862745098,0.588209683287,0.074202227125,1],"ix":3},"o":{"a":0,"k":100,"ix":4},"w":{"a":0,"k":0,"ix":5},"lc":1,"lj":1,"ml":4,"bm":0,"nm":"Stroke 1","mn":"ADBE Vector Graphic - Stroke","hd":false},{"ty":"fl","c":{"a":0,"k":[0.921568627451,0.736744719861,0.173471727558,1],"ix":4},"o":{"a":0,"k":100,"ix":5},"r":1,"bm":0,"nm":"Fill 1","mn":"ADBE Vector Graphic - Fill","hd":false},{"ty":"tr","p":{"a":0,"k":[-18.5,-154.5],"ix":2},"a":{"a":0,"k":[0,0],"ix":1},"s":{"a":0,"k":[100,100],"ix":3},"r":{"a":0,"k":0,"ix":6},"o":{"a":0,"k":100,"ix":7},"sk":{"a":0,"k":0,"ix":4},"sa":{"a":0,"k":0,"ix":5},"nm":"Transform"}],"nm":"Ellipse 1","np":3,"cix":2,"bm":0,"ix":2,"mn":"ADBE Vector Group","hd":false}],"ip":0,"op":180,"st":0,"ct":1,"bm":0},{"ddd":0,"ind":3,"ty":4,"nm":"Shape Layer 1","sr":1,"ks":{"o":{"a":0,"k":100,"ix":11},"r":{"a":0,"k":0,"ix":10},"p":{"a":1,"k":[{"i":{"x":0.999,"y":1},"o":{"x":0.333,"y":0},"t":3,"s":[278.5,317.5,0],"to":[0.833,3,0],"ti":[0,-1.833,0]},{"i":{"x":0.667,"y":1},"o":{"x":0.42,"y":0},"t":15,"s":[283.5,335.5,0],"to":[0,1.833,0],"ti":[0.833,3,0]},{"i":{"x":0.667,"y":1},"o":{"x":0.333,"y":0},"t":119,"s":[278.5,328.5,0],"to":[-0.833,-3,0],"ti":[0,1.833,0]},{"t":141,"s":[278.5,317.5,0]}],"ix":2,"l":2},"a":{"a":0,"k":[-14.022,-53.007,0],"ix":1,"l":2},"s":{"a":1,"k":[{"i":{"x":[0.999,0.999,0.999],"y":[1,1,1]},"o":{"x":[0.333,0.333,0.333],"y":[0,0,0]},"t":3,"s":[62,62,100]},{"i":{"x":[0.667,0.667,0.667],"y":[1,1,1]},"o":{"x":[0.42,0.42,0.42],"y":[0,0,0]},"t":15,"s":[65,65,100]},{"i":{"x":[0.667,0.667,0.667],"y":[1,1,1]},"o":{"x":[0.333,0.333,0.333],"y":[0,0,0]},"t":119,"s":[62,62,100]},{"t":141,"s":[62,62,100]}],"ix":6,"l":2}},"ao":0,"shapes":[{"ty":"gr","it":[{"d":1,"ty":"el","s":{"a":0,"k":[265.753,256.164],"ix":2},"p":{"a":0,"k":[0,0],"ix":3},"nm":"Ellipse Path 1","mn":"ADBE Vector Shape - Ellipse","hd":false},{"ty":"st","c":{"a":0,"k":[0.066897351134,0.341176470588,0.228231482412,1],"ix":3},"o":{"a":0,"k":100,"ix":4},"w":{"a":0,"k":0,"ix":5},"lc":1,"lj":1,"ml":4,"bm":0,"nm":"Stroke 1","mn":"ADBE Vector Graphic - Stroke","hd":false},{"ty":"fl","c":{"a":0,"k":[0.119000386257,0.572549019608,0.385793678433,1],"ix":4},"o":{"a":0,"k":100,"ix":5},"r":1,"bm":0,"nm":"Fill 1","mn":"ADBE Vector Graphic - Fill","hd":false},{"ty":"tr","p":{"a":0,"k":[-9.596,57.829],"ix":2},"a":{"a":0,"k":[0,0],"ix":1},"s":{"a":0,"k":[100,100],"ix":3},"r":{"a":0,"k":0,"ix":6},"o":{"a":0,"k":100,"ix":7},"sk":{"a":0,"k":0,"ix":4},"sa":{"a":0,"k":0,"ix":5},"nm":"Transform"}],"nm":"Ellipse 2","np":3,"cix":2,"bm":0,"ix":1,"mn":"ADBE Vector Group","hd":false},{"ty":"gr","it":[{"d":1,"ty":"el","s":{"a":0,"k":[125,125],"ix":2},"p":{"a":0,"k":[0,0],"ix":3},"nm":"Ellipse Path 1","mn":"ADBE Vector Shape - Ellipse","hd":false},{"ty":"st","c":{"a":0,"k":[0.066897351134,0.341176470588,0.228231482412,1],"ix":3},"o":{"a":0,"k":100,"ix":4},"w":{"a":0,"k":0,"ix":5},"lc":1,"lj":1,"ml":4,"bm":0,"nm":"Stroke 1","mn":"ADBE Vector Graphic - Stroke","hd":false},{"ty":"fl","c":{"a":0,"k":[0.119000386257,0.572549019608,0.385793678433,1],"ix":4},"o":{"a":0,"k":100,"ix":5},"r":1,"bm":0,"nm":"Fill 1","mn":"ADBE Vector Graphic - Fill","hd":false},{"ty":"tr","p":{"a":0,"k":[-18.5,-154.5],"ix":2},"a":{"a":0,"k":[0,0],"ix":1},"s":{"a":0,"k":[100,100],"ix":3},"r":{"a":0,"k":0,"ix":6},"o":{"a":0,"k":100,"ix":7},"sk":{"a":0,"k":0,"ix":4},"sa":{"a":0,"k":0,"ix":5},"nm":"Transform"}],"nm":"Ellipse 1","np":3,"cix":2,"bm":0,"ix":2,"mn":"ADBE Vector Group","hd":false}],"ip":0,"op":180,"st":0,"ct":1,"bm":0}]}],"layers":[{"ddd":0,"ind":1,"ty":4,"nm":"Mag_Glass 2","sr":1,"ks":{"o":{"a":0,"k":100,"ix":11},"r":{"a":1,"k":[{"i":{"x":[0.667],"y":[1]},"o":{"x":[0.333],"y":[0]},"t":21,"s":[0]},{"i":{"x":[0.667],"y":[1]},"o":{"x":[0.333],"y":[0]},"t":50.09,"s":[40]},{"i":{"x":[0.667],"y":[1]},"o":{"x":[0.333],"y":[0]},"t":55,"s":[40]},{"i":{"x":[0.667],"y":[1]},"o":{"x":[0.333],"y":[0]},"t":90,"s":[123]},{"i":{"x":[0.667],"y":[1]},"o":{"x":[0.333],"y":[0]},"t":113.732,"s":[123]},{"t":134.4453125,"s":[0]}],"ix":10},"p":{"a":1,"k":[{"i":{"x":0.667,"y":1},"o":{"x":0.333,"y":0},"t":21,"s":[283,289.261,0],"to":[0,0,0],"ti":[0,0,0]},{"i":{"x":0.667,"y":0.667},"o":{"x":0.333,"y":0.333},"t":50.09,"s":[170,175.261,0],"to":[0,0,0],"ti":[0,0,0]},{"i":{"x":0.667,"y":1},"o":{"x":0.333,"y":0},"t":55,"s":[170,175.261,0],"to":[0,0,0],"ti":[0,0,0]},{"i":{"x":0.667,"y":1},"o":{"x":0.333,"y":0},"t":90,"s":[422.5,169.261,0],"to":[0,0,0],"ti":[0,0,0]},{"i":{"x":0.667,"y":1},"o":{"x":0.333,"y":0},"t":113.732,"s":[429.5,270.761,0],"to":[0,0,0],"ti":[0,0,0]},{"t":134.4453125,"s":[283,289.261,0]}],"ix":2,"l":2},"a":{"a":0,"k":[-2456.5,910.261,0],"ix":1,"l":2},"s":{"a":0,"k":[100,100,100],"ix":6,"l":2}},"ao":0,"shapes":[{"ty":"gr","it":[{"ind":0,"ty":"sh","ix":1,"ks":{"a":0,"k":{"i":[[-43.768,-43.767],[43.767,-43.767],[43.768,43.767],[-43.767,43.767]],"o":[[43.767,43.767],[-43.768,43.767],[-43.767,-43.767],[43.768,-43.767]],"v":[[-2381.518,823.247],[-2381.518,981.743],[-2540.014,981.743],[-2540.014,823.247]],"c":true},"ix":2},"nm":"Path 1","mn":"ADBE Vector Shape - Group","hd":false},{"ind":1,"ty":"sh","ix":2,"ks":{"a":0,"k":{"i":[[-58.084,-58.084],[58.084,-58.084],[58.084,58.084],[-58.084,58.084]],"o":[[58.084,58.084],[-58.084,58.084],[-58.084,-58.084],[58.084,-58.084]],"v":[[-2355.595,797.324],[-2355.595,1007.665],[-2565.937,1007.665],[-2565.937,797.324]],"c":true},"ix":2},"nm":"Path 2","mn":"ADBE Vector Shape - Group","hd":false},{"ty":"tr","p":{"a":0,"k":[-2438,925.261],"ix":2},"a":{"a":0,"k":[-2438,925.261],"ix":1},"s":{"a":1,"k":[{"i":{"x":[0.667,0.667],"y":[1,1]},"o":{"x":[0.333,0.333],"y":[0,0]},"t":4,"s":[100,100]},{"i":{"x":[0.667,0.667],"y":[1,1]},"o":{"x":[0.333,0.333],"y":[0,0]},"t":14,"s":[75,75]},{"i":{"x":[0.667,0.667],"y":[1,1]},"o":{"x":[0.333,0.333],"y":[0,0]},"t":113,"s":[75,75]},{"t":134,"s":[100,100]}],"ix":3},"r":{"a":0,"k":0,"ix":6},"o":{"a":0,"k":100,"ix":7},"sk":{"a":0,"k":0,"ix":4},"sa":{"a":0,"k":0,"ix":5},"nm":"Transform"}],"nm":"Group 1","np":2,"cix":2,"bm":0,"ix":1,"mn":"ADBE Vector Group","hd":false},{"ty":"st","c":{"a":0,"k":[0.03155709061,0.315075803271,0.447058823529,1],"ix":3},"o":{"a":0,"k":100,"ix":4},"w":{"a":0,"k":8,"ix":5},"lc":2,"lj":2,"bm":0,"nm":"Stroke 4","mn":"ADBE Vector Graphic - Stroke","hd":false}],"ip":0,"op":180,"st":0,"ct":1,"bm":0},{"ddd":0,"ind":3,"ty":4,"nm":"Mag_Glass","sr":1,"ks":{"o":{"a":0,"k":100,"ix":11},"r":{"a":1,"k":[{"i":{"x":[0.667],"y":[1]},"o":{"x":[0.333],"y":[0]},"t":21,"s":[0]},{"i":{"x":[0.667],"y":[1]},"o":{"x":[0.333],"y":[0]},"t":50.09,"s":[40]},{"i":{"x":[0.667],"y":[1]},"o":{"x":[0.333],"y":[0]},"t":55,"s":[40]},{"i":{"x":[0.667],"y":[1]},"o":{"x":[0.333],"y":[0]},"t":90,"s":[123]},{"i":{"x":[0.667],"y":[1]},"o":{"x":[0.333],"y":[0]},"t":113.732,"s":[123]},{"t":134.4453125,"s":[0]}],"ix":10},"p":{"a":1,"k":[{"i":{"x":0.667,"y":1},"o":{"x":0.333,"y":0},"t":21,"s":[283,289.261,0],"to":[0,0,0],"ti":[0,0,0]},{"i":{"x":0.667,"y":0.667},"o":{"x":0.333,"y":0.333},"t":50.09,"s":[170,175.261,0],"to":[0,0,0],"ti":[0,0,0]},{"i":{"x":0.667,"y":1},"o":{"x":0.333,"y":0},"t":55,"s":[170,175.261,0],"to":[0,0,0],"ti":[0,0,0]},{"i":{"x":0.667,"y":1},"o":{"x":0.333,"y":0},"t":90,"s":[422.5,169.261,0],"to":[0,0,0],"ti":[0,0,0]},{"i":{"x":0.667,"y":1},"o":{"x":0.333,"y":0},"t":113.732,"s":[429.5,270.761,0],"to":[0,0,0],"ti":[0,0,0]},{"t":134.4453125,"s":[283,289.261,0]}],"ix":2,"l":2},"a":{"a":0,"k":[-2456.5,910.261,0],"ix":1,"l":2},"s":{"a":0,"k":[100,100,100],"ix":6,"l":2}},"ao":0,"shapes":[{"ty":"gr","it":[{"ind":0,"ty":"sh","ix":1,"ks":{"a":0,"k":{"i":[[-43.768,-43.767],[43.767,-43.767],[43.768,43.767],[-43.767,43.767]],"o":[[43.767,43.767],[-43.768,43.767],[-43.767,-43.767],[43.768,-43.767]],"v":[[-2381.518,823.247],[-2381.518,981.743],[-2540.014,981.743],[-2540.014,823.247]],"c":true},"ix":2},"nm":"Path 1","mn":"ADBE Vector Shape - Group","hd":false},{"ind":1,"ty":"sh","ix":2,"ks":{"a":0,"k":{"i":[[-58.084,-58.084],[58.084,-58.084],[58.084,58.084],[-58.084,58.084]],"o":[[58.084,58.084],[-58.084,58.084],[-58.084,-58.084],[58.084,-58.084]],"v":[[-2355.595,797.324],[-2355.595,1007.665],[-2565.937,1007.665],[-2565.937,797.324]],"c":true},"ix":2},"nm":"Path 2","mn":"ADBE Vector Shape - Group","hd":false},{"ind":2,"ty":"sh","ix":3,"ks":{"a":0,"k":{"i":[[0,0],[0,0],[11.365,-11.365],[0,0],[11.365,11.365],[0,0]],"o":[[0,0],[11.365,11.365],[0,0],[-11.365,11.365],[0,0],[0,0]],"v":[[-2338.259,986.846],[-2225.024,1097.081],[-2225.024,1138.237],[-2225.024,1138.237],[-2266.18,1138.237],[-2379.415,1028.002]],"c":false},"ix":2},"nm":"Path 3","mn":"ADBE Vector Shape - Group","hd":false},{"ty":"tr","p":{"a":0,"k":[-2438,925.261],"ix":2},"a":{"a":0,"k":[-2438,925.261],"ix":1},"s":{"a":1,"k":[{"i":{"x":[0.667,0.667],"y":[1,1]},"o":{"x":[0.333,0.333],"y":[0,0]},"t":4,"s":[100,100]},{"i":{"x":[0.667,0.667],"y":[1,1]},"o":{"x":[0.333,0.333],"y":[0,0]},"t":14,"s":[75,75]},{"i":{"x":[0.667,0.667],"y":[1,1]},"o":{"x":[0.333,0.333],"y":[0,0]},"t":113,"s":[75,75]},{"t":134,"s":[100,100]}],"ix":3},"r":{"a":0,"k":0,"ix":6},"o":{"a":0,"k":100,"ix":7},"sk":{"a":0,"k":0,"ix":4},"sa":{"a":0,"k":0,"ix":5},"nm":"Transform"}],"nm":"Group 1","np":3,"cix":2,"bm":0,"ix":1,"mn":"ADBE Vector Group","hd":false},{"ty":"st","c":{"a":0,"k":[0.592156862745,0.308463152717,0.183452516444,1],"ix":3},"o":{"a":0,"k":100,"ix":4},"w":{"a":0,"k":8,"ix":5},"lc":2,"lj":2,"bm":0,"nm":"Stroke 4","mn":"ADBE Vector Graphic - Stroke","hd":false},{"ty":"gr","it":[{"ind":0,"ty":"sh","ix":1,"ks":{"a":0,"k":{"i":[[0,0],[0,0],[0,0],[0,0],[-12.375,13],[0,0]],"o":[[0,0],[0,0],[0,0],[0,0],[7.436,-7.811],[0,0]],"v":[[99.921,62.144],[81.672,83.233],[60.171,105.019],[178.607,216.644],[213.17,213.331],[217.795,179.269]],"c":true},"ix":2},"nm":"Path 1","mn":"ADBE Vector Shape - Group","hd":false},{"ty":"fl","c":{"a":0,"k":[0.78431372549,0.425646254596,0.267589404536,1],"ix":4},"o":{"a":0,"k":100,"ix":5},"r":1,"bm":0,"nm":"Fill 1","mn":"ADBE Vector Graphic - Fill","hd":false},{"ty":"tr","p":{"a":0,"k":[174,0],"ix":2,"x":"var $bm_rt;\n$bm_rt = content('Group 1').transform.position;"},"a":{"a":0,"k":[0,0],"ix":1},"s":{"a":0,"k":[100,100],"ix":3,"x":"var $bm_rt;\n$bm_rt = content('Group 1').transform.scale;"},"r":{"a":0,"k":0,"ix":6},"o":{"a":0,"k":100,"ix":7},"sk":{"a":0,"k":0,"ix":4},"sa":{"a":0,"k":0,"ix":5},"nm":"Transform"}],"nm":"Shape 1","np":2,"cix":2,"bm":0,"ix":3,"mn":"ADBE Vector Group","hd":false}],"ip":0,"op":180,"st":0,"ct":1,"bm":0},{"ddd":0,"ind":4,"ty":4,"nm":"Mag_Glass Masl","parent":3,"td":1,"sr":1,"ks":{"o":{"a":0,"k":100,"ix":11},"r":{"a":0,"k":0,"ix":10},"p":{"a":0,"k":[-2433.993,923.9,0],"ix":2,"l":2},"a":{"a":0,"k":[-2438,925.261,0],"ix":1,"l":2},"s":{"a":0,"k":[99.718,101.839,100],"ix":6,"l":2}},"ao":0,"shapes":[{"ty":"gr","it":[{"ind":0,"ty":"sh","ix":1,"ks":{"a":1,"k":[{"i":{"x":0.833,"y":0.833},"o":{"x":0.167,"y":0.167},"t":0,"s":[{"i":[[-55.429,-40.07],[37.358,-37.358],[46.018,45.118],[-37.358,37.358]],"o":[[42.816,30.952],[-37.358,37.358],[-43.567,-42.715],[37.358,-37.358]],"v":[[-2389.168,816.714],[-2386.082,976.787],[-2548.684,977.723],[-2545.623,820.232]],"c":true}]},{"i":{"x":0.833,"y":0.833},"o":{"x":0.167,"y":0.167},"t":2,"s":[{"i":[[-55.429,-40.07],[37.358,-37.358],[46.018,45.118],[-37.358,37.358]],"o":[[42.816,30.952],[-37.358,37.358],[-43.567,-42.715],[37.358,-37.358]],"v":[[-2389.168,816.714],[-2387.587,977.278],[-2548.684,977.723],[-2545.623,820.232]],"c":true}]},{"i":{"x":0.833,"y":0.833},"o":{"x":0.167,"y":0.167},"t":4,"s":[{"i":[[-55.429,-40.07],[37.358,-37.358],[44.324,46.595],[-37.358,37.358]],"o":[[42.816,30.952],[-37.358,37.358],[-40.88,-42.653],[37.358,-37.358]],"v":[[-2388.128,817.581],[-2387.344,975.478],[-2550.68,977.444],[-2544.983,820.39]],"c":true}]},{"i":{"x":0.833,"y":0.833},"o":{"x":0.167,"y":0.167},"t":5,"s":[{"i":[[-55.429,-40.07],[37.358,-37.358],[43.477,47.333],[-37.358,37.358]],"o":[[42.816,30.952],[-37.358,37.358],[-39.536,-42.621],[37.358,-37.358]],"v":[[-2387.608,818.015],[-2386.99,976.525],[-2551.678,977.304],[-2544.663,820.468]],"c":true}]},{"i":{"x":0.833,"y":0.833},"o":{"x":0.167,"y":0.167},"t":8,"s":[{"i":[[-55.429,-40.07],[37.358,-37.358],[40.935,49.548],[-37.358,37.358]],"o":[[42.816,30.952],[-37.358,37.358],[-35.505,-42.528],[37.358,-37.358]],"v":[[-2386.048,819.316],[-2385.119,981.028],[-2552.433,975.789],[-2543.704,820.705]],"c":true}]},{"i":{"x":0.833,"y":0.833},"o":{"x":0.167,"y":0.167},"t":11,"s":[{"i":[[-55.429,-40.07],[37.358,-37.358],[38.393,51.763],[-37.358,37.358]],"o":[[42.816,30.952],[-37.358,37.358],[-31.474,-42.434],[37.358,-37.358]],"v":[[-2384.489,820.616],[-2379.674,987.936],[-2551.474,975.212],[-2542.744,820.941]],"c":true}]},{"i":{"x":0.833,"y":0.833},"o":{"x":0.167,"y":0.167},"t":13,"s":[{"i":[[-55.429,-40.07],[37.358,-37.358],[38.393,51.763],[-37.358,37.358]],"o":[[42.816,30.952],[-37.358,37.358],[-31.474,-42.434],[37.358,-37.358]],"v":[[-2386.791,824.102],[-2382.208,985.086],[-2548.684,977.723],[-2538.761,823.717]],"c":true}]},{"i":{"x":0.833,"y":0.833},"o":{"x":0.167,"y":0.167},"t":15,"s":[{"i":[[-55.429,-40.07],[37.149,-37.563],[38.393,51.763],[-37.358,37.358]],"o":[[42.816,30.952],[-39.915,40.423],[-31.474,-42.434],[37.358,-37.358]],"v":[[-2384.637,824.096],[-2381.4,982.891],[-2548.684,977.723],[-2537.899,824.093]],"c":true}]},{"i":{"x":0.833,"y":0.833},"o":{"x":0.167,"y":0.167},"t":19,"s":[{"i":[[-45.003,-43.276],[36.731,-37.974],[38.393,51.763],[-37.358,37.358]],"o":[[34.424,33.103],[-45.031,46.555],[-31.474,-42.434],[37.358,-37.358]],"v":[[-2384.181,829.975],[-2379.785,981.774],[-2548.684,977.723],[-2536.173,824.845]],"c":true}]},{"i":{"x":0.833,"y":0.833},"o":{"x":0.167,"y":0.167},"t":25,"s":[{"i":[[-42.039,-53.952],[37.358,-37.358],[38.393,51.763],[-37.358,37.358]],"o":[[43.815,56.232],[-37.358,37.358],[-31.474,-42.434],[37.358,-37.358]],"v":[[-2377.174,837.074],[-2383.72,985.258],[-2548.684,977.723],[-2540.708,825.521]],"c":true}]},{"i":{"x":0.833,"y":0.833},"o":{"x":0.167,"y":0.167},"t":78,"s":[{"i":[[-50.013,-45.686],[37.358,-37.358],[38.393,51.763],[-37.358,37.358]],"o":[[43.22,41.177],[-37.358,37.358],[-31.474,-42.434],[37.358,-37.358]],"v":[[-2379.053,829.339],[-2379.352,984.463],[-2548.684,977.723],[-2539.912,825.745]],"c":true}]},{"i":{"x":0.833,"y":0.833},"o":{"x":0.167,"y":0.167},"t":113,"s":[{"i":[[-55.279,-40.226],[37.358,-37.358],[38.393,51.763],[-37.358,37.358]],"o":[[42.827,31.236],[-37.358,37.358],[-31.474,-42.434],[37.358,-37.358]],"v":[[-2384.947,825.628],[-2382.476,984.519],[-2553.337,979.121],[-2542.842,827.285]],"c":true}]},{"i":{"x":0.833,"y":0.833},"o":{"x":0.167,"y":0.167},"t":115,"s":[{"i":[[-55.442,-39.561],[37.277,-37.437],[38.547,51.646],[-38.918,38.657]],"o":[[43.006,30.675],[-37.952,38.136],[-31.596,-42.333],[38.919,-38.657]],"v":[[-2385.567,826.67],[-2378.433,983.059],[-2548.684,977.723],[-2539.273,825.242]],"c":true}]},{"i":{"x":0.833,"y":0.833},"o":{"x":0.167,"y":0.167},"t":122,"s":[{"i":[[-55.533,-35.998],[36.713,-37.992],[39.622,50.825],[-49.843,47.753]],"o":[[44.333,28.738],[-42.112,43.579],[-32.448,-41.623],[49.843,-47.753]],"v":[[-2386.045,822.91],[-2383.008,982.894],[-2548.684,977.723],[-2546.851,828.785]],"c":true}]},{"i":{"x":0.833,"y":0.833},"o":{"x":0.167,"y":0.167},"t":129,"s":[{"i":[[-55.429,-40.07],[37.358,-37.358],[39.776,50.708],[-51.403,49.053]],"o":[[42.816,30.952],[-37.358,37.358],[-32.57,-41.522],[51.403,-49.053]],"v":[[-2386.618,819.561],[-2383.016,976.327],[-2548.684,977.723],[-2548.832,824.837]],"c":true}]},{"i":{"x":0.833,"y":0.833},"o":{"x":0.167,"y":0.167},"t":143,"s":[{"i":[[-55.429,-40.07],[37.358,-37.358],[39.776,50.708],[-51.403,49.053]],"o":[[42.816,30.952],[-37.358,37.358],[-32.57,-41.522],[51.403,-49.053]],"v":[[-2386.618,819.561],[-2385.205,974.595],[-2548.684,977.723],[-2548.832,824.837]],"c":true}]},{"t":163,"s":[{"i":[[-55.429,-40.07],[37.358,-37.358],[39.776,50.708],[-51.403,49.053]],"o":[[42.816,30.952],[-37.358,37.358],[-32.57,-41.522],[51.403,-49.053]],"v":[[-2386.618,819.561],[-2384.679,976.891],[-2548.684,977.723],[-2548.832,824.837]],"c":true}]}],"ix":2},"nm":"Path 1","mn":"ADBE Vector Shape - Group","hd":false},{"ty":"tr","p":{"a":0,"k":[-2458.657,907.143],"ix":2},"a":{"a":0,"k":[-2460.766,902.495],"ix":1},"s":{"a":1,"k":[{"i":{"x":[0.667,0.667],"y":[1,1]},"o":{"x":[0.333,0.333],"y":[0,0]},"t":4,"s":[100,100]},{"i":{"x":[0.667,0.667],"y":[1,1]},"o":{"x":[0.167,0.167],"y":[0,0]},"t":13,"s":[78.237,75]},{"i":{"x":[0.833,0.833],"y":[1,1]},"o":{"x":[0.167,0.167],"y":[0,0]},"t":114,"s":[75,75]},{"t":134,"s":[100,100]}],"ix":3},"r":{"a":0,"k":-0.013,"ix":6},"o":{"a":0,"k":100,"ix":7},"sk":{"a":0,"k":0,"ix":4},"sa":{"a":0,"k":0,"ix":5},"nm":"Transform"}],"nm":"Group 5","np":1,"cix":2,"bm":0,"ix":1,"mn":"ADBE Vector Group","hd":false},{"ty":"fl","c":{"a":0,"k":[1,0,0,1],"ix":4},"o":{"a":0,"k":100,"ix":5},"r":1,"bm":0,"nm":"Fill 1","mn":"ADBE Vector Graphic - Fill","hd":false}],"ip":0,"op":180,"st":0,"ct":1,"bm":0},{"ddd":0,"ind":5,"ty":0,"nm":"People Icon","tt":1,"tp":4,"refId":"comp_0","sr":1,"ks":{"o":{"a":0,"k":100,"ix":11},"r":{"a":0,"k":0,"ix":10},"p":{"a":0,"k":[300,300,0],"ix":2,"l":2},"a":{"a":0,"k":[300,300,0],"ix":1,"l":2},"s":{"a":0,"k":[100,100,100],"ix":6,"l":2}},"ao":0,"w":600,"h":600,"ip":0,"op":180,"st":0,"bm":0},{"ddd":0,"ind":6,"ty":4,"nm":"Glass","parent":3,"sr":1,"ks":{"o":{"a":0,"k":100,"ix":11},"r":{"a":0,"k":0,"ix":10},"p":{"a":0,"k":[-2457.39,903.11,0],"ix":2,"l":2},"a":{"a":0,"k":[-1116.89,227.11,0],"ix":1,"l":2},"s":{"a":0,"k":[100,100,100],"ix":6,"l":2,"x":"var $bm_rt;\nvar $bm_rt;\n$bm_rt = $bm_rt = thisComp.layer('Mag_Glass').content('Group 1').transform.scale;"}},"ao":0,"shapes":[{"ty":"gr","it":[{"ind":0,"ty":"sh","ix":1,"ks":{"a":1,"k":[{"i":{"x":0.833,"y":0.833},"o":{"x":0.167,"y":0.167},"t":0,"s":[{"i":[[0,49.884],[-23.809,26.912],[21.516,-21.517],[-49.694,-57.051],[-35.296,6.642]],"o":[[0,-38.758],[-28.198,0.444],[-43.94,43.94],[25.37,29.126],[-37.018,-27.838]],"v":[[5.751,-11.458],[48.779,-112.98],[-32.96,-81.435],[-34.113,82.933],[66.712,110.553]],"c":true}]},{"i":{"x":0.833,"y":0.833},"o":{"x":0.167,"y":0.167},"t":20,"s":[{"i":[[0,49.884],[-23.809,26.912],[21.516,-21.517],[-43.94,-43.94],[-35.296,6.642]],"o":[[0,-38.758],[-28.198,0.444],[-43.94,43.94],[27.313,27.313],[-37.018,-27.838]],"v":[[10.418,-7.458],[53.445,-108.98],[-26.293,-77.435],[-29.447,86.933],[71.379,114.553]],"c":true}]},{"i":{"x":0.833,"y":0.833},"o":{"x":0.167,"y":0.167},"t":113,"s":[{"i":[[0,49.884],[-23.809,26.912],[21.516,-21.517],[-43.94,-43.94],[-38.567,9.011]],"o":[[0,-38.758],[-28.198,0.444],[-43.94,43.94],[27.313,27.313],[-37.018,-27.838]],"v":[[10.418,-7.458],[53.445,-108.98],[-29.4,-75.063],[-35.869,78.964],[73.277,110.855]],"c":true}]},{"i":{"x":0.833,"y":0.833},"o":{"x":0.167,"y":0.167},"t":127,"s":[{"i":[[0,49.884],[-23.809,26.912],[21.516,-21.517],[-43.94,-43.94],[-39.06,9.368]],"o":[[0,-38.758],[-28.198,0.444],[-43.94,43.94],[27.313,27.313],[-37.018,-27.838]],"v":[[10.418,-7.458],[53.445,-108.98],[-31.956,-77.923],[-36.835,77.764],[73.563,110.299]],"c":true}]},{"t":144,"s":[{"i":[[0,49.884],[-23.809,26.912],[21.516,-21.517],[-49.694,-57.051],[-35.296,6.642]],"o":[[0,-38.758],[-28.198,0.444],[-43.94,43.94],[25.37,29.126],[-37.018,-27.838]],"v":[[5.751,-11.458],[48.779,-112.98],[-32.96,-81.435],[-34.113,82.933],[66.712,110.553]],"c":true}]}],"ix":2},"nm":"Path 1","mn":"ADBE Vector Shape - Group","hd":false},{"ty":"fl","c":{"a":0,"k":[0.823529422283,0.86274510622,0.992156863213,1],"ix":4},"o":{"a":0,"k":100,"ix":5},"r":1,"bm":0,"nm":"Fill 1","mn":"ADBE Vector Graphic - Fill","hd":false},{"ty":"tr","p":{"a":0,"k":[-1162.693,227.118],"ix":2},"a":{"a":0,"k":[0,0],"ix":1},"s":{"a":0,"k":[100,100],"ix":3},"r":{"a":0,"k":0,"ix":6},"o":{"a":0,"k":100,"ix":7},"sk":{"a":0,"k":0,"ix":4},"sa":{"a":0,"k":0,"ix":5},"nm":"Transform"}],"nm":"Group 1","np":2,"cix":2,"bm":0,"ix":1,"mn":"ADBE Vector Group","hd":false},{"ty":"gr","it":[{"ind":0,"ty":"sh","ix":1,"ks":{"a":0,"k":{"i":[[-43.94,-43.94],[43.94,-43.94],[43.94,43.94],[-43.94,43.94]],"o":[[43.94,43.94],[-43.94,43.94],[-43.94,-43.94],[43.94,-43.94]],"v":[[79.56,-79.56],[79.56,79.56],[-79.56,79.56],[-79.56,-79.56]],"c":true},"ix":2},"nm":"Path 1","mn":"ADBE Vector Shape - Group","hd":false},{"ty":"fl","c":{"a":0,"k":[1,1,1,1],"ix":4},"o":{"a":0,"k":100,"ix":5},"r":1,"bm":0,"nm":"Fill 1","mn":"ADBE Vector Graphic - Fill","hd":false},{"ty":"tr","p":{"a":1,"k":[{"i":{"x":0.833,"y":0.833},"o":{"x":0.167,"y":0.167},"t":0,"s":[-1120.544,226.635],"to":[0.406,0.319],"ti":[-0.959,-0.754]},{"i":{"x":0.833,"y":0.833},"o":{"x":0.167,"y":0.167},"t":16,"s":[-1111.681,231.694],"to":[1.796,1.411],"ti":[-0.76,-0.597]},{"i":{"x":0.833,"y":0.833},"o":{"x":0.167,"y":0.167},"t":51,"s":[-1113.544,232.135],"to":[0.823,0.646],"ti":[2.155,1.396]},{"i":{"x":0.833,"y":0.833},"o":{"x":0.167,"y":0.167},"t":106,"s":[-1115.382,233.064],"to":[-0.307,-0.199],"ti":[0.647,0.755]},{"i":{"x":0.833,"y":0.833},"o":{"x":0.167,"y":0.167},"t":113,"s":[-1114.381,235.386],"to":[-1.249,-1.457],"ti":[0.159,0.012]},{"i":{"x":0.833,"y":0.833},"o":{"x":0.167,"y":0.167},"t":127,"s":[-1119.811,228.112],"to":[-0.819,-0.062],"ti":[0,0]},{"t":167,"s":[-1119.811,228.112]}],"ix":2},"a":{"a":0,"k":[0,0],"ix":1},"s":{"a":0,"k":[100.587,100],"ix":3},"r":{"a":0,"k":0,"ix":6},"o":{"a":0,"k":100,"ix":7},"sk":{"a":0,"k":0,"ix":4},"sa":{"a":0,"k":0,"ix":5},"nm":"Transform"}],"nm":"Group 2","np":2,"cix":2,"bm":0,"ix":2,"mn":"ADBE Vector Group","hd":false}],"ip":0,"op":180,"st":0,"ct":1,"bm":0},{"ddd":0,"ind":7,"ty":4,"nm":"FILL","parent":3,"sr":1,"ks":{"o":{"a":0,"k":100,"ix":11},"r":{"a":0,"k":0,"ix":10},"p":{"a":1,"k":[{"i":{"x":0.833,"y":0.833},"o":{"x":0.167,"y":0.167},"t":0,"s":[-2457.39,902.11,0],"to":[0.667,1.167,0],"ti":[-0.667,-1.167,0]},{"i":{"x":0.833,"y":0.833},"o":{"x":0.167,"y":0.167},"t":16,"s":[-2453.39,909.11,0],"to":[0,0,0],"ti":[0,0,0]},{"i":{"x":0.833,"y":0.833},"o":{"x":0.167,"y":0.167},"t":119,"s":[-2453.39,909.11,0],"to":[-0.833,-1.167,0],"ti":[0.833,1.167,0]},{"t":132,"s":[-2458.39,902.11,0]}],"ix":2,"l":2},"a":{"a":0,"k":[-1108.89,233.11,0],"ix":1,"l":2},"s":{"a":0,"k":[104.413,87.004,100],"ix":6,"l":2,"x":"var $bm_rt;\nvar $bm_rt;\n$bm_rt = $bm_rt = thisComp.layer('Mag_Glass').content('Group 1').transform.scale;"}},"ao":0,"shapes":[{"ty":"gr","it":[{"ind":0,"ty":"sh","ix":1,"ks":{"a":0,"k":{"i":[[0,68.083],[-46.451,26.154],[38.849,-38.849],[-58.313,-58.313],[-55.806,27.559]],"o":[[0,-57.105],[-49.585,-12.915],[-58.313,58.313],[46.454,46.454],[-61.574,-19.634]],"v":[[1.547,-11.453],[86.979,-136.486],[-58.135,-102.229],[-55.346,114.331],[118.257,131.987]],"c":true},"ix":2},"nm":"Path 1","mn":"ADBE Vector Shape - Group","hd":false},{"ty":"fl","c":{"a":0,"k":[0.152941182256,0.635294139385,0.800000011921,1],"ix":4},"o":{"a":0,"k":100,"ix":5},"r":1,"bm":0,"nm":"Fill 1","mn":"ADBE Vector Graphic - Fill","hd":false},{"ty":"tr","p":{"a":0,"k":[-1156.063,229.142],"ix":2},"a":{"a":0,"k":[0,0],"ix":1},"s":{"a":0,"k":[100,100],"ix":3},"r":{"a":0,"k":0,"ix":6},"o":{"a":0,"k":100,"ix":7},"sk":{"a":0,"k":0,"ix":4},"sa":{"a":0,"k":0,"ix":5},"nm":"Transform"}],"nm":"Group 1","np":2,"cix":2,"bm":0,"ix":1,"mn":"ADBE Vector Group","hd":false},{"ty":"gr","it":[{"ind":0,"ty":"sh","ix":1,"ks":{"a":0,"k":{"i":[[-58.313,-58.313],[58.313,-58.313],[58.313,58.313],[-58.313,58.313]],"o":[[58.313,58.313],[-58.313,58.313],[-58.313,-58.313],[58.313,-58.313]],"v":[[105.585,-105.585],[105.585,105.585],[-105.585,105.585],[-105.585,-105.585]],"c":true},"ix":2},"nm":"Path 1","mn":"ADBE Vector Shape - Group","hd":false},{"ty":"fl","c":{"a":0,"k":[0.403921574354,0.800000011921,0.819607853889,1],"ix":4},"o":{"a":0,"k":100,"ix":5},"r":1,"bm":0,"nm":"Fill 1","mn":"ADBE Vector Graphic - Fill","hd":false},{"ty":"tr","p":{"a":0,"k":[-1110.136,232.343],"ix":2},"a":{"a":0,"k":[0,0],"ix":1},"s":{"a":0,"k":[100,100],"ix":3},"r":{"a":0,"k":0,"ix":6},"o":{"a":0,"k":100,"ix":7},"sk":{"a":0,"k":0,"ix":4},"sa":{"a":0,"k":0,"ix":5},"nm":"Transform"}],"nm":"Group 2","np":2,"cix":2,"bm":0,"ix":2,"mn":"ADBE Vector Group","hd":false}],"ip":0,"op":180,"st":0,"ct":1,"bm":0},{"ddd":0,"ind":8,"ty":4,"nm":"Shine Lines 2","sr":1,"ks":{"o":{"a":0,"k":100,"ix":11},"r":{"a":0,"k":77,"ix":10},"p":{"a":0,"k":[393.141,141.5,0],"ix":2,"l":2},"a":{"a":0,"k":[249.968,-175.485,0],"ix":1,"l":2},"s":{"a":0,"k":[100,100,100],"ix":6,"l":2}},"ao":0,"shapes":[{"ty":"gr","it":[{"ind":0,"ty":"sh","ix":1,"ks":{"a":0,"k":{"i":[[0,0],[0,0]],"o":[[0,0],[0,0]],"v":[[23.694,54.991],[18.56,30.582]],"c":false},"ix":2},"nm":"Path 1","mn":"ADBE Vector Shape - Group","hd":false},{"ty":"tm","s":{"a":1,"k":[{"i":{"x":[0.19],"y":[1]},"o":{"x":[0.167],"y":[0.167]},"t":139.523,"s":[0]},{"t":148.095703125,"s":[100]}],"ix":1},"e":{"a":1,"k":[{"i":{"x":[0.19],"y":[1]},"o":{"x":[0.167],"y":[0.167]},"t":130,"s":[0]},{"t":142.380859375,"s":[100]}],"ix":2},"o":{"a":0,"k":0,"ix":3},"m":1,"ix":2,"nm":"Trim Paths 1","mn":"ADBE Vector Filter - Trim","hd":false},{"ty":"st","c":{"a":0,"k":[0.203921586275,0.800000071526,0.800000071526,1],"ix":3},"o":{"a":0,"k":100,"ix":4},"w":{"a":0,"k":8,"ix":5},"lc":2,"lj":2,"bm":0,"nm":"Stroke 1","mn":"ADBE Vector Graphic - Stroke","hd":false},{"ty":"tr","p":{"a":0,"k":[172,-150],"ix":2},"a":{"a":0,"k":[0,0],"ix":1},"s":{"a":0,"k":[100,100],"ix":3},"r":{"a":0,"k":-67,"ix":6},"o":{"a":0,"k":100,"ix":7},"sk":{"a":0,"k":0,"ix":4},"sa":{"a":0,"k":0,"ix":5},"nm":"Transform"}],"nm":"Shape 3","np":3,"cix":2,"bm":0,"ix":1,"mn":"ADBE Vector Group","hd":false},{"ty":"gr","it":[{"ind":0,"ty":"sh","ix":1,"ks":{"a":0,"k":{"i":[[0,0],[0,0]],"o":[[0,0],[0,0]],"v":[[86.143,84.984],[106.536,75.771]],"c":false},"ix":2},"nm":"Path 1","mn":"ADBE Vector Shape - Group","hd":false},{"ty":"tm","s":{"a":1,"k":[{"i":{"x":[0.19],"y":[1]},"o":{"x":[0.167],"y":[0.167]},"t":139.523,"s":[0]},{"t":148.095703125,"s":[100]}],"ix":1},"e":{"a":1,"k":[{"i":{"x":[0.19],"y":[1]},"o":{"x":[0.167],"y":[0.167]},"t":130,"s":[0]},{"t":142.380859375,"s":[100]}],"ix":2},"o":{"a":0,"k":0,"ix":3},"m":1,"ix":2,"nm":"Trim Paths 1","mn":"ADBE Vector Filter - Trim","hd":false},{"ty":"st","c":{"a":0,"k":[0.203921586275,0.800000071526,0.800000071526,1],"ix":3},"o":{"a":0,"k":100,"ix":4},"w":{"a":0,"k":8,"ix":5},"lc":2,"lj":2,"bm":0,"nm":"Stroke 1","mn":"ADBE Vector Graphic - Stroke","hd":false},{"ty":"tr","p":{"a":0,"k":[172,-150],"ix":2},"a":{"a":0,"k":[0,0],"ix":1},"s":{"a":0,"k":[100,100],"ix":3},"r":{"a":0,"k":-67,"ix":6},"o":{"a":0,"k":100,"ix":7},"sk":{"a":0,"k":0,"ix":4},"sa":{"a":0,"k":0,"ix":5},"nm":"Transform"}],"nm":"Shape 2","np":3,"cix":2,"bm":0,"ix":2,"mn":"ADBE Vector Group","hd":false},{"ty":"gr","it":[{"ind":0,"ty":"sh","ix":1,"ks":{"a":0,"k":{"i":[[0,0],[0,0]],"o":[[0,0],[0,0]],"v":[[256.029,-174.635],[235.932,-196.363]],"c":false},"ix":2},"nm":"Path 1","mn":"ADBE Vector Shape - Group","hd":false},{"ty":"tm","s":{"a":1,"k":[{"i":{"x":[0.19],"y":[1]},"o":{"x":[0.167],"y":[0.167]},"t":137.619,"s":[0]},{"t":146.19140625,"s":[100]}],"ix":1},"e":{"a":1,"k":[{"i":{"x":[0.19],"y":[1]},"o":{"x":[0.167],"y":[0.167]},"t":128.096,"s":[0]},{"t":140.4765625,"s":[100]}],"ix":2},"o":{"a":0,"k":0,"ix":3},"m":1,"ix":2,"nm":"Trim Paths 1","mn":"ADBE Vector Filter - Trim","hd":false},{"ty":"st","c":{"a":0,"k":[0.203921586275,0.800000071526,0.800000071526,1],"ix":3},"o":{"a":0,"k":100,"ix":4},"w":{"a":0,"k":8,"ix":5},"lc":2,"lj":2,"bm":0,"nm":"Stroke 1","mn":"ADBE Vector Graphic - Stroke","hd":false},{"ty":"tr","p":{"a":0,"k":[0,0],"ix":2},"a":{"a":0,"k":[0,0],"ix":1},"s":{"a":0,"k":[100,100],"ix":3},"r":{"a":0,"k":0,"ix":6},"o":{"a":0,"k":100,"ix":7},"sk":{"a":0,"k":0,"ix":4},"sa":{"a":0,"k":0,"ix":5},"nm":"Transform"}],"nm":"Shape 1","np":3,"cix":2,"bm":0,"ix":3,"mn":"ADBE Vector Group","hd":false}],"ip":0,"op":180,"st":0,"ct":1,"bm":0},{"ddd":0,"ind":9,"ty":4,"nm":"Shine Lines","sr":1,"ks":{"o":{"a":0,"k":100,"ix":11},"r":{"a":0,"k":-2,"ix":10},"p":{"a":0,"k":[154.641,150,0],"ix":2,"l":2},"a":{"a":0,"k":[249.968,-175.485,0],"ix":1,"l":2},"s":{"a":0,"k":[100,100,100],"ix":6,"l":2}},"ao":0,"shapes":[{"ty":"gr","it":[{"ind":0,"ty":"sh","ix":1,"ks":{"a":0,"k":{"i":[[0,0],[0,0]],"o":[[0,0],[0,0]],"v":[[23.694,54.991],[18.56,30.582]],"c":false},"ix":2},"nm":"Path 1","mn":"ADBE Vector Shape - Group","hd":false},{"ty":"tm","s":{"a":1,"k":[{"i":{"x":[0.19],"y":[1]},"o":{"x":[0.167],"y":[0.167]},"t":139.523,"s":[0]},{"t":148.095703125,"s":[100]}],"ix":1},"e":{"a":1,"k":[{"i":{"x":[0.19],"y":[1]},"o":{"x":[0.167],"y":[0.167]},"t":130,"s":[0]},{"t":142.380859375,"s":[100]}],"ix":2},"o":{"a":0,"k":0,"ix":3},"m":1,"ix":2,"nm":"Trim Paths 1","mn":"ADBE Vector Filter - Trim","hd":false},{"ty":"st","c":{"a":0,"k":[0.203921586275,0.800000071526,0.800000071526,1],"ix":3},"o":{"a":0,"k":100,"ix":4},"w":{"a":0,"k":8,"ix":5},"lc":2,"lj":2,"bm":0,"nm":"Stroke 1","mn":"ADBE Vector Graphic - Stroke","hd":false},{"ty":"tr","p":{"a":0,"k":[172,-150],"ix":2},"a":{"a":0,"k":[0,0],"ix":1},"s":{"a":0,"k":[100,100],"ix":3},"r":{"a":0,"k":-67,"ix":6},"o":{"a":0,"k":100,"ix":7},"sk":{"a":0,"k":0,"ix":4},"sa":{"a":0,"k":0,"ix":5},"nm":"Transform"}],"nm":"Shape 3","np":3,"cix":2,"bm":0,"ix":1,"mn":"ADBE Vector Group","hd":false},{"ty":"gr","it":[{"ind":0,"ty":"sh","ix":1,"ks":{"a":0,"k":{"i":[[0,0],[0,0]],"o":[[0,0],[0,0]],"v":[[86.143,84.984],[106.536,75.771]],"c":false},"ix":2},"nm":"Path 1","mn":"ADBE Vector Shape - Group","hd":false},{"ty":"tm","s":{"a":1,"k":[{"i":{"x":[0.19],"y":[1]},"o":{"x":[0.167],"y":[0.167]},"t":139.523,"s":[0]},{"t":148.095703125,"s":[100]}],"ix":1},"e":{"a":1,"k":[{"i":{"x":[0.19],"y":[1]},"o":{"x":[0.167],"y":[0.167]},"t":130,"s":[0]},{"t":142.380859375,"s":[100]}],"ix":2},"o":{"a":0,"k":0,"ix":3},"m":1,"ix":2,"nm":"Trim Paths 1","mn":"ADBE Vector Filter - Trim","hd":false},{"ty":"st","c":{"a":0,"k":[0.203921586275,0.800000071526,0.800000071526,1],"ix":3},"o":{"a":0,"k":100,"ix":4},"w":{"a":0,"k":8,"ix":5},"lc":2,"lj":2,"bm":0,"nm":"Stroke 1","mn":"ADBE Vector Graphic - Stroke","hd":false},{"ty":"tr","p":{"a":0,"k":[172,-150],"ix":2},"a":{"a":0,"k":[0,0],"ix":1},"s":{"a":0,"k":[100,100],"ix":3},"r":{"a":0,"k":-67,"ix":6},"o":{"a":0,"k":100,"ix":7},"sk":{"a":0,"k":0,"ix":4},"sa":{"a":0,"k":0,"ix":5},"nm":"Transform"}],"nm":"Shape 2","np":3,"cix":2,"bm":0,"ix":2,"mn":"ADBE Vector Group","hd":false},{"ty":"gr","it":[{"ind":0,"ty":"sh","ix":1,"ks":{"a":0,"k":{"i":[[0,0],[0,0]],"o":[[0,0],[0,0]],"v":[[256.029,-174.635],[235.932,-196.363]],"c":false},"ix":2},"nm":"Path 1","mn":"ADBE Vector Shape - Group","hd":false},{"ty":"tm","s":{"a":1,"k":[{"i":{"x":[0.19],"y":[1]},"o":{"x":[0.167],"y":[0.167]},"t":137.619,"s":[0]},{"t":146.19140625,"s":[100]}],"ix":1},"e":{"a":1,"k":[{"i":{"x":[0.19],"y":[1]},"o":{"x":[0.167],"y":[0.167]},"t":128.096,"s":[0]},{"t":140.4765625,"s":[100]}],"ix":2},"o":{"a":0,"k":0,"ix":3},"m":1,"ix":2,"nm":"Trim Paths 1","mn":"ADBE Vector Filter - Trim","hd":false},{"ty":"st","c":{"a":0,"k":[0.203921586275,0.800000071526,0.800000071526,1],"ix":3},"o":{"a":0,"k":100,"ix":4},"w":{"a":0,"k":8,"ix":5},"lc":2,"lj":2,"bm":0,"nm":"Stroke 1","mn":"ADBE Vector Graphic - Stroke","hd":false},{"ty":"tr","p":{"a":0,"k":[0,0],"ix":2},"a":{"a":0,"k":[0,0],"ix":1},"s":{"a":0,"k":[100,100],"ix":3},"r":{"a":0,"k":0,"ix":6},"o":{"a":0,"k":100,"ix":7},"sk":{"a":0,"k":0,"ix":4},"sa":{"a":0,"k":0,"ix":5},"nm":"Transform"}],"nm":"Shape 1","np":3,"cix":2,"bm":0,"ix":3,"mn":"ADBE Vector Group","hd":false}],"ip":0,"op":180,"st":0,"ct":1,"bm":0}],"markers":[{"tm":118,"cm":"1","dr":0}],"props":{}}